<SCREEN>
    <GRIDMESH>
        <GRIDX>3</GRIDX>
        <GRIDY>3</GRIDY>
    </GRIDMESH>
    <BOUNDINGBOX>
        <ulx>0.143000</ulx>
        <uly>0.013000</uly>
        <lrx>0.845002</lrx>
        <lry>0.993000</lry>
    </BOUNDINGBOX>
    <POINT>
        <X>46.283455</X>
        <Y>7.010649</Y>
    </POINT>
    <POINT>
        <X>231.314743</X>
        <Y>6.172114</Y>
    </POINT>
    <POINT>
        <X>421.367889</X>
        <Y>3.910499</Y>
    </POINT>
    <POINT>
        <X>578.635742</X>
        <Y>5.684815</Y>
    </POINT>
    <POINT>
        <X>50.319054</X>
        <Y>149.802673</Y>
    </POINT>
    <POINT>
        <X>234.815231</X>
        <Y>142.917175</Y>
    </POINT>
    <POINT>
        <X>424.739960</X>
        <Y>133.801910</Y>
    </POINT>
    <POINT>
        <X>559.063843</X>
        <Y>98.884781</Y>
    </POINT>
    <POINT>
        <X>56.811623</X>
        <Y>290.188263</Y>
    </POINT>
    <POINT>
        <X>229.383102</X>
        <Y>282.230591</Y>
    </POINT>
    <POINT>
        <X>444.242065</X>
        <Y>278.920166</Y>
    </POINT>
    <POINT>
        <X>626.040894</X>
        <Y>303.218719</Y>
    </POINT>
    <POINT>
        <X>51.024384</X>
        <Y>463.045654</Y>
    </POINT>
    <POINT>
        <X>239.265839</X>
        <Y>458.688660</Y>
    </POINT>
    <POINT>
        <X>431.716797</X>
        <Y>456.633423</Y>
    </POINT>
    <POINT>
        <X>627.760315</X>
        <Y>469.125610</Y>
    </POINT>
</SCREEN>
<WARP>
    <BOTTOMLEFT>
        <X>0.000000</X>
        <Y>240.000000</Y>
    </BOTTOMLEFT>
    <BOTTOMRIGHT>
        <X>320.000000</X>
        <Y>240.000000</Y>
    </BOTTOMRIGHT>
    <TOPRIGHT>
        <X>320.000000</X>
        <Y>0.000000</Y>
    </TOPRIGHT>
    <TOPLEFT>
        <X>0.000000</X>
        <Y>0.000000</Y>
    </TOPLEFT>
</WARP>
