<UI>
    <VERSION>0.10</VERSION>
    <ISACTIVE>1</ISACTIVE>
    <DOUPDATE>0</DOUPDATE>
    <STYLE>
        <HEADFONT>verdana.ttf</HEADFONT>
        <HEADSIZE>10</HEADSIZE>
        <HEADXOFF>-2</HEADXOFF>
        <HEADYOFF>8</HEADYOFF>
        <HEADHEIGHT>12</HEADHEIGHT>
        <PARAMFONT>automat.ttf</PARAMFONT>
        <PARAMSIZE>6</PARAMSIZE>
        <PARAMXOFF>-2</PARAMXOFF>
        <PARAMYOFF>6</PARAMYOFF>
        <PARAMHEIGHT>12</PARAMHEIGHT>
        <BUTTONXTEXT>4</BUTTONXTEXT>
        <BUTTONYTEXT>0</BUTTONYTEXT>
        <FILESXTEXT>3</FILESXTEXT>
        <FILESYTEXT>3</FILESYTEXT>
        <POINTSIZE>6</POINTSIZE>
        <KNOBSIZE>10</KNOBSIZE>
        <COVERCOLOR>FFFFFF66</COVERCOLOR>
        <TEXTCOLOR>000000FF</TEXTCOLOR>
        <BORDERCOLOR>0000004D</BORDERCOLOR>
        <FRAMECOLOR>0000004D</FRAMECOLOR>
        <SLIDERCOLOR>FF0000CC</SLIDERCOLOR>
        <AXISCOLOR>00FF00FF</AXISCOLOR>
        <HANDLECOLOR>000000FF</HANDLECOLOR>
        <BUTTONCOLOR>FF0000CC</BUTTONCOLOR>
        <CURVECOLOR>FF9900FF</CURVECOLOR>
        <SCOPECOLOR>FF9900FF</SCOPECOLOR>
        <ACTIVECOLOR>FF0000FF</ACTIVECOLOR>
    </STYLE>
    <OBJECT>
        <ID>0</ID>
        <TYPE>PANEL</TYPE>
        <NAME>Camera Properties</NAME>
        <LEFT>740.000000</LEFT>
        <TOP>150.000000</TOP>
        <WIDTH>143.000000</WIDTH>
        <HEIGHT>64.000000</HEIGHT>
        <DISPLAY>2</DISPLAY>
        <STEPS>0</STEPS>
        <BORDER>12</BORDER>
        <SPACING>10</SPACING>
        <OBJECT>
            <ID>1</ID>
            <TYPE>BUTTON</TYPE>
            <NAME>Flip Vertical (j)</NAME>
            <LEFT>12.000000</LEFT>
            <TOP>34.000000</TOP>
            <WIDTH>10.000000</WIDTH>
            <HEIGHT>10.000000</HEIGHT>
            <DISPLAY>2</DISPLAY>
            <STEPS>0</STEPS>
            <VALUE>1</VALUE>
        </OBJECT>
        <OBJECT>
            <ID>2</ID>
            <TYPE>BUTTON</TYPE>
            <NAME>Flip Horizontal (h)</NAME>
            <LEFT>12.000000</LEFT>
            <TOP>54.000000</TOP>
            <WIDTH>10.000000</WIDTH>
            <HEIGHT>10.000000</HEIGHT>
            <DISPLAY>2</DISPLAY>
            <STEPS>0</STEPS>
            <VALUE>1</VALUE>
        </OBJECT>
    </OBJECT>
    <OBJECT>
        <ID>4</ID>
        <TYPE>PANEL</TYPE>
        <NAME>Communication</NAME>
        <LEFT>740.000000</LEFT>
        <TOP>240.000000</TOP>
        <WIDTH>120.000000</WIDTH>
        <HEIGHT>82.000000</HEIGHT>
        <DISPLAY>2</DISPLAY>
        <STEPS>0</STEPS>
        <BORDER>10</BORDER>
        <SPACING>10</SPACING>
        <OBJECT>
            <ID>5</ID>
            <TYPE>BUTTON</TYPE>
            <NAME>TUIO UDP (t)</NAME>
            <LEFT>10.000000</LEFT>
            <TOP>32.000000</TOP>
            <WIDTH>10.000000</WIDTH>
            <HEIGHT>10.000000</HEIGHT>
            <DISPLAY>2</DISPLAY>
            <STEPS>0</STEPS>
            <VALUE>1</VALUE>
        </OBJECT>
        <OBJECT>
            <ID>6</ID>
            <TYPE>BUTTON</TYPE>
            <NAME>Flash XML (f)</NAME>
            <LEFT>10.000000</LEFT>
            <TOP>52.000000</TOP>
            <WIDTH>10.000000</WIDTH>
            <HEIGHT>10.000000</HEIGHT>
            <DISPLAY>2</DISPLAY>
            <STEPS>0</STEPS>
            <VALUE>0</VALUE>
        </OBJECT>
        <OBJECT>
            <ID>7</ID>
            <TYPE>BUTTON</TYPE>
            <NAME>Binary TCP (n)</NAME>
            <LEFT>10.000000</LEFT>
            <TOP>72.000000</TOP>
            <WIDTH>10.000000</WIDTH>
            <HEIGHT>10.000000</HEIGHT>
            <DISPLAY>2</DISPLAY>
            <STEPS>0</STEPS>
            <VALUE>0</VALUE>
        </OBJECT>
    </OBJECT>
    <OBJECT>
        <ID>4</ID>
        <TYPE>PANEL</TYPE>
        <NAME>Track</NAME>
        <LEFT>740.000000</LEFT>
        <TOP>440.000000</TOP>
        <WIDTH>74.000000</WIDTH>
        <HEIGHT>82.000000</HEIGHT>
        <DISPLAY>2</DISPLAY>
        <STEPS>0</STEPS>
        <BORDER>10</BORDER>
        <SPACING>10</SPACING>
        <OBJECT>
            <ID>41</ID>
            <TYPE>BUTTON</TYPE>
            <NAME>Blobs</NAME>
            <LEFT>10.000000</LEFT>
            <TOP>32.000000</TOP>
            <WIDTH>10.000000</WIDTH>
            <HEIGHT>10.000000</HEIGHT>
            <DISPLAY>2</DISPLAY>
            <STEPS>0</STEPS>
            <VALUE>1</VALUE>
        </OBJECT>
        <OBJECT>
            <ID>42</ID>
            <TYPE>BUTTON</TYPE>
            <NAME>Fingers</NAME>
            <LEFT>10.000000</LEFT>
            <TOP>52.000000</TOP>
            <WIDTH>10.000000</WIDTH>
            <HEIGHT>10.000000</HEIGHT>
            <DISPLAY>2</DISPLAY>
            <STEPS>0</STEPS>
            <VALUE>0</VALUE>
        </OBJECT>
        <OBJECT>
            <ID>43</ID>
            <TYPE>BUTTON</TYPE>
            <NAME>Objects</NAME>
            <LEFT>10.000000</LEFT>
            <TOP>72.000000</TOP>
            <WIDTH>10.000000</WIDTH>
            <HEIGHT>10.000000</HEIGHT>
            <DISPLAY>2</DISPLAY>
            <STEPS>0</STEPS>
            <VALUE>0</VALUE>
        </OBJECT>
    </OBJECT>
    <OBJECT>
        <ID>9</ID>
        <TYPE>PANEL</TYPE>
        <NAME>Calibration</NAME>
        <LEFT>740.000000</LEFT>
        <TOP>95.000000</TOP>
        <WIDTH>158.000000</WIDTH>
        <HEIGHT>42.000000</HEIGHT>
        <DISPLAY>2</DISPLAY>
        <STEPS>0</STEPS>
        <BORDER>10</BORDER>
        <SPACING>10</SPACING>
        <OBJECT>
            <ID>10</ID>
            <TYPE>BUTTON</TYPE>
            <NAME>Enter Calibration (c)</NAME>
            <LEFT>10.000000</LEFT>
            <TOP>32.000000</TOP>
            <WIDTH>10.000000</WIDTH>
            <HEIGHT>10.000000</HEIGHT>
            <DISPLAY>3</DISPLAY>
            <STEPS>0</STEPS>
            <VALUE>0</VALUE>
        </OBJECT>
    </OBJECT>
    <OBJECT>
        <ID>44</ID>
        <TYPE>PANEL</TYPE>
        <NAME>Settings</NAME>
        <LEFT>740.000000</LEFT>
        <TOP>340.000000</TOP>
        <WIDTH>141.000000</WIDTH>
        <HEIGHT>82.000000</HEIGHT>
        <DISPLAY>2</DISPLAY>
        <STEPS>0</STEPS>
        <BORDER>10</BORDER>
        <SPACING>10</SPACING>
        <OBJECT>
            <ID>45</ID>
            <TYPE>BUTTON</TYPE>
            <NAME>Save Settings (s)</NAME>
            <LEFT>10.000000</LEFT>
            <TOP>32.000000</TOP>
            <WIDTH>10.000000</WIDTH>
            <HEIGHT>10.000000</HEIGHT>
            <DISPLAY>3</DISPLAY>
            <STEPS>0</STEPS>
            <VALUE>0</VALUE>
        </OBJECT>
        <OBJECT>
            <ID>48</ID>
            <TYPE>BUTTON</TYPE>
            <NAME>Save Templates</NAME>
            <LEFT>10.000000</LEFT>
            <TOP>52.000000</TOP>
            <WIDTH>10.000000</WIDTH>
            <HEIGHT>10.000000</HEIGHT>
            <DISPLAY>3</DISPLAY>
            <STEPS>0</STEPS>
            <VALUE>0</VALUE>
        </OBJECT>
        <OBJECT>
            <ID>47</ID>
            <TYPE>BUTTON</TYPE>
            <NAME>Load Templates</NAME>
            <LEFT>10.000000</LEFT>
            <TOP>72.000000</TOP>
            <WIDTH>10.000000</WIDTH>
            <HEIGHT>10.000000</HEIGHT>
            <DISPLAY>3</DISPLAY>
            <STEPS>0</STEPS>
            <VALUE>0</VALUE>
        </OBJECT>
    </OBJECT>
    <OBJECT>
        <ID>30</ID>
        <TYPE>PANEL</TYPE>
        <NAME>Tracked Image</NAME>
        <LEFT>376.000000</LEFT>
        <TOP>255.000000</TOP>
        <WIDTH>309.000000</WIDTH>
        <HEIGHT>110.000000</HEIGHT>
        <DISPLAY>2</DISPLAY>
        <STEPS>0</STEPS>
        <BORDER>10</BORDER>
        <SPACING>10</SPACING>
        <OBJECT>
            <ID>31</ID>
            <TYPE>BUTTON</TYPE>
            <NAME>Inverse</NAME>
            <LEFT>120.000000</LEFT>
            <TOP>11.000000</TOP>
            <WIDTH>10.000000</WIDTH>
            <HEIGHT>10.000000</HEIGHT>
            <DISPLAY>2</DISPLAY>
            <STEPS>0</STEPS>
            <VALUE>0</VALUE>
        </OBJECT>
        <OBJECT>
            <ID>33</ID>
            <TYPE>SLIDER</TYPE>
            <NAME>Image Threshold</NAME>
            <LEFT>10.000000</LEFT>
            <TOP>32.000000</TOP>
            <WIDTH>140.000000</WIDTH>
            <HEIGHT>13.000000</HEIGHT>
            <DISPLAY>1</DISPLAY>
            <STEPS>0</STEPS>
            <MIN>0.000000</MIN>
            <MAX>255.000000</MAX>
            <VALUE>25.000000</VALUE>
        </OBJECT>
        <OBJECT>
            <ID>34</ID>
            <TYPE>SLIDER</TYPE>
            <NAME>Movement Filtering</NAME>
            <LEFT>165.000000</LEFT>
            <TOP>32.000000</TOP>
            <WIDTH>140.000000</WIDTH>
            <HEIGHT>13.000000</HEIGHT>
            <DISPLAY>1</DISPLAY>
            <STEPS>0</STEPS>
            <MIN>0.000000</MIN>
            <MAX>15.000000</MAX>
            <VALUE>0.000000</VALUE>
        </OBJECT>
        <OBJECT>
            <ID>35</ID>
            <TYPE>SLIDER</TYPE>
            <NAME>Min Blob Size</NAME>
            <LEFT>10.000000</LEFT>
            <TOP>67.000000</TOP>
            <WIDTH>140.000000</WIDTH>
            <HEIGHT>13.000000</HEIGHT>
            <DISPLAY>1</DISPLAY>
            <STEPS>0</STEPS>
            <MIN>1.000000</MIN>
            <MAX>500.000000</MAX>
            <VALUE>29.000000</VALUE>
        </OBJECT>
        <OBJECT>
            <ID>36</ID>
            <TYPE>SLIDER</TYPE>
            <NAME>Max Blob Size</NAME>
            <LEFT>165.000000</LEFT>
            <TOP>67.000000</TOP>
            <WIDTH>140.000000</WIDTH>
            <HEIGHT>13.000000</HEIGHT>
            <DISPLAY>1</DISPLAY>
            <STEPS>0</STEPS>
            <MIN>1.000000</MIN>
            <MAX>1000.000000</MAX>
            <VALUE>821.000000</VALUE>
        </OBJECT>
    </OBJECT>
    <OBJECT>
        <ID>12</ID>
        <TYPE>PANEL</TYPE>
        <NAME>Source Image</NAME>
        <LEFT>31.000000</LEFT>
        <TOP>255.000000</TOP>
        <WIDTH>309.000000</WIDTH>
        <HEIGHT>62.000000</HEIGHT>
        <DISPLAY>2</DISPLAY>
        <STEPS>0</STEPS>
        <BORDER>10</BORDER>
        <SPACING>10</SPACING>
        <OBJECT>
            <ID>37</ID>
            <TYPE>BUTTON</TYPE>
            <NAME>Show Outlines (o)</NAME>
            <LEFT>110.000000</LEFT>
            <TOP>11.000000</TOP>
            <WIDTH>10.000000</WIDTH>
            <HEIGHT>10.000000</HEIGHT>
            <DISPLAY>2</DISPLAY>
            <STEPS>0</STEPS>
            <VALUE>1</VALUE>
        </OBJECT>
        <OBJECT>
            <ID>38</ID>
            <TYPE>BUTTON</TYPE>
            <NAME>Show IDs (i)</NAME>
            <LEFT>230.000000</LEFT>
            <TOP>11.000000</TOP>
            <WIDTH>10.000000</WIDTH>
            <HEIGHT>10.000000</HEIGHT>
            <DISPLAY>2</DISPLAY>
            <STEPS>0</STEPS>
            <VALUE>1</VALUE>
        </OBJECT>
    </OBJECT>
    <OBJECT>
        <ID>13</ID>
        <TYPE>PANEL</TYPE>
        <NAME>Distance between:</NAME>
        <LEFT>31.000000</LEFT>
        <TOP>315.000000</TOP>
        <WIDTH>309.000000</WIDTH>
        <HEIGHT>50.000000</HEIGHT>
        <DISPLAY>2</DISPLAY>
        <STEPS>0</STEPS>
        <BORDER>10</BORDER>
        <SPACING>10</SPACING>
        <OBJECT>
            <ID>14</ID>
            <TYPE>SLIDER</TYPE>
            <NAME>Near mm</NAME>
            <LEFT>10.000000</LEFT>
            <TOP>25.000000</TOP>
            <WIDTH>140.000000</WIDTH>
            <HEIGHT>13.000000</HEIGHT>
            <DISPLAY>1</DISPLAY>
            <STEPS>0</STEPS>
            <MIN>0.000000</MIN>
            <MAX>4000.000000</MAX>
            <VALUE>628.000000</VALUE>
        </OBJECT>
        <OBJECT>
            <ID>15</ID>
            <TYPE>SLIDER</TYPE>
            <NAME>Far mm</NAME>
            <LEFT>165.000000</LEFT>
            <TOP>25.000000</TOP>
            <WIDTH>140.000000</WIDTH>
            <HEIGHT>13.000000</HEIGHT>
            <DISPLAY>1</DISPLAY>
            <STEPS>0</STEPS>
            <MIN>0.000000</MIN>
            <MAX>4000.000000</MAX>
            <VALUE>631.000000</VALUE>
        </OBJECT>
    </OBJECT>
    <OBJECT>
        <ID>16</ID>
        <TYPE>PANEL</TYPE>
        <NAME>Background</NAME>
        <LEFT>31.000000</LEFT>
        <TOP>487.000000</TOP>
        <WIDTH>141.000000</WIDTH>
        <HEIGHT>88.000000</HEIGHT>
        <DISPLAY>2</DISPLAY>
        <STEPS>0</STEPS>
        <BORDER>10</BORDER>
        <SPACING>7</SPACING>
        <OBJECT>
            <ID>17</ID>
            <TYPE>BUTTON</TYPE>
            <NAME>Remove BG (b)</NAME>
            <LEFT>10.000000</LEFT>
            <TOP>29.000000</TOP>
            <WIDTH>10.000000</WIDTH>
            <HEIGHT>10.000000</HEIGHT>
            <DISPLAY>3</DISPLAY>
            <STEPS>0</STEPS>
            <VALUE>0</VALUE>
        </OBJECT>
        <OBJECT>
            <ID>18</ID>
            <TYPE>BUTTON</TYPE>
            <NAME>Dynamic Subtract</NAME>
            <LEFT>10.000000</LEFT>
            <TOP>46.000000</TOP>
            <WIDTH>10.000000</WIDTH>
            <HEIGHT>10.000000</HEIGHT>
            <DISPLAY>2</DISPLAY>
            <STEPS>0</STEPS>
            <VALUE>0</VALUE>
        </OBJECT>
        <OBJECT>
            <ID>19</ID>
            <TYPE>SLIDER</TYPE>
            <NAME>Learn Speed</NAME>
            <LEFT>10.000000</LEFT>
            <TOP>63.000000</TOP>
            <WIDTH>110.000000</WIDTH>
            <HEIGHT>13.000000</HEIGHT>
            <DISPLAY>1</DISPLAY>
            <STEPS>0</STEPS>
            <MIN>1.000000</MIN>
            <MAX>500.000000</MAX>
            <VALUE>5.536364</VALUE>
        </OBJECT>
    </OBJECT>
    <OBJECT>
        <ID>20</ID>
        <TYPE>PANEL</TYPE>
        <NAME>Smooth</NAME>
        <LEFT>166.000000</LEFT>
        <TOP>487.000000</TOP>
        <WIDTH>120.000000</WIDTH>
        <HEIGHT>73.000000</HEIGHT>
        <DISPLAY>2</DISPLAY>
        <STEPS>0</STEPS>
        <BORDER>10</BORDER>
        <SPACING>7</SPACING>
        <OBJECT>
            <ID>21</ID>
            <TYPE>BUTTON</TYPE>
            <NAME></NAME>
            <LEFT>105.000000</LEFT>
            <TOP>10.000000</TOP>
            <WIDTH>12.000000</WIDTH>
            <HEIGHT>12.000000</HEIGHT>
            <DISPLAY>2</DISPLAY>
            <STEPS>0</STEPS>
            <VALUE>1</VALUE>
        </OBJECT>
        <OBJECT>
            <ID>22</ID>
            <TYPE>SLIDER</TYPE>
            <NAME>Smooth</NAME>
            <LEFT>10.000000</LEFT>
            <TOP>30.000000</TOP>
            <WIDTH>110.000000</WIDTH>
            <HEIGHT>13.000000</HEIGHT>
            <DISPLAY>1</DISPLAY>
            <STEPS>0</STEPS>
            <MIN>0.000000</MIN>
            <MAX>15.000000</MAX>
            <VALUE>6.000000</VALUE>
        </OBJECT>
    </OBJECT>
    <OBJECT>
        <ID>26</ID>
        <TYPE>PANEL</TYPE>
        <NAME>Highpass</NAME>
        <LEFT>301.000000</LEFT>
        <TOP>487.000000</TOP>
        <WIDTH>120.000000</WIDTH>
        <HEIGHT>105.000000</HEIGHT>
        <DISPLAY>2</DISPLAY>
        <STEPS>0</STEPS>
        <BORDER>10</BORDER>
        <SPACING>7</SPACING>
        <OBJECT>
            <ID>27</ID>
            <TYPE>BUTTON</TYPE>
            <NAME></NAME>
            <LEFT>105.000000</LEFT>
            <TOP>10.000000</TOP>
            <WIDTH>12.000000</WIDTH>
            <HEIGHT>12.000000</HEIGHT>
            <DISPLAY>2</DISPLAY>
            <STEPS>0</STEPS>
            <VALUE>0</VALUE>
        </OBJECT>
        <OBJECT>
            <ID>28</ID>
            <TYPE>SLIDER</TYPE>
            <NAME>Blur</NAME>
            <LEFT>10.000000</LEFT>
            <TOP>30.000000</TOP>
            <WIDTH>110.000000</WIDTH>
            <HEIGHT>13.000000</HEIGHT>
            <DISPLAY>1</DISPLAY>
            <STEPS>0</STEPS>
            <MIN>0.000000</MIN>
            <MAX>200.000000</MAX>
            <VALUE>21.000000</VALUE>
        </OBJECT>
        <OBJECT>
            <ID>29</ID>
            <TYPE>SLIDER</TYPE>
            <NAME>Noise</NAME>
            <LEFT>10.000000</LEFT>
            <TOP>60.000000</TOP>
            <WIDTH>110.000000</WIDTH>
            <HEIGHT>13.000000</HEIGHT>
            <DISPLAY>1</DISPLAY>
            <STEPS>0</STEPS>
            <MIN>0.000000</MIN>
            <MAX>30.000000</MAX>
            <VALUE>0.000000</VALUE>
        </OBJECT>
    </OBJECT>
    <OBJECT>
        <ID>23</ID>
        <TYPE>PANEL</TYPE>
        <NAME>Amplify</NAME>
        <LEFT>436.000000</LEFT>
        <TOP>487.000000</TOP>
        <WIDTH>120.000000</WIDTH>
        <HEIGHT>73.000000</HEIGHT>
        <DISPLAY>2</DISPLAY>
        <STEPS>0</STEPS>
        <BORDER>10</BORDER>
        <SPACING>7</SPACING>
        <OBJECT>
            <ID>24</ID>
            <TYPE>BUTTON</TYPE>
            <NAME></NAME>
            <LEFT>105.000000</LEFT>
            <TOP>10.000000</TOP>
            <WIDTH>12.000000</WIDTH>
            <HEIGHT>12.000000</HEIGHT>
            <DISPLAY>2</DISPLAY>
            <STEPS>0</STEPS>
            <VALUE>0</VALUE>
        </OBJECT>
        <OBJECT>
            <ID>25</ID>
            <TYPE>SLIDER</TYPE>
            <NAME>Amplify</NAME>
            <LEFT>10.000000</LEFT>
            <TOP>30.000000</TOP>
            <WIDTH>110.000000</WIDTH>
            <HEIGHT>13.000000</HEIGHT>
            <DISPLAY>1</DISPLAY>
            <STEPS>0</STEPS>
            <MIN>0.000000</MIN>
            <MAX>300.000000</MAX>
            <VALUE>8.000000</VALUE>
        </OBJECT>
    </OBJECT>
</UI>
